{"CC(C)CC(C)C": [1, 0, 47.04, 49.0, {"CC(C)CC(C)(C)C": 0.03998294845223427}], "CCC(C)C": [14, 0, 303.05030000000005, 311.0, {"CC(C)CC(C)(C)C": 0.03998294845223427, "CCCC[C@@H](C)CC": 0.0003305432037450373, "CCC(C)(C)CC": 0.049813807010650635, "CCCC(C)C": 0.0030964708421379328, "CC(C)C(C)C": 0.018992546945810318, "CC(C)CCC(C)(C)C": 0.09150806069374084, "CC(C)C(C)C(C)C": 0.08442733436822891, "CCC(C)C": 0.00046561838826164603, "CC(C)CC(C)C": 0.011909154243767262, "CCCC(C)(C)C": 0.026657363399863243, "CCCCC(C)C": 0.0014863889664411545, "CCC(C)CC": 0.0031046222429722548, "CC[C@@H](C)C(C)C": 0.0061216154135763645, "CCC(C)(C)C": 0.025748558342456818}], "CC(C)C": [18, 0, 299.43120000000005, 306.0, {"CC(C)CC(C)(C)C": 0.03998294845223427, "CCC(C)(C)CC": 0.049813807010650635, "CCCC(C)C": 0.0030964708421379328, "CC(C)C(C)C": 0.018992546945810318, "CC(C)CCC(C)(C)C": 0.09150806069374084, "CC(C)C": 0.01378291193395853, "CC(C)C(C)C(C)C": 0.08442733436822891, "CCC(C)C": 0.00046561838826164603, "CC(C)CC(C)C": 0.011909154243767262, "CCCC(C)(C)C": 0.026657363399863243, "CCCCC(C)C": 0.0014863889664411545, "CC(C)(C)Cl": 0.009990828111767769, "CCC(C)CC": 0.0031046222429722548, "CC(C)(C)Br": 0.008106101304292679, "CCC(C)(C)C": 0.025748558342456818, "CC(C)Cc1ccccc1": 0.005429960787296295, "CC(C)C=C": 0.00010403318447060883, "CC(C)(C)C": 0.0009412295185029507}], "CCC": [59, 0, 421.3462999999999, 430.0, {"CC(C)CC(C)(C)C": 0.03998294845223427, "CCCCCCC#C": 0.0358797051012516, "CCCCCCCBr": 0.01330474391579628, "CCCCCC#C": 0.01831081137061119, "C=CCC=C": 9.454267274122685e-05, "CCCCCCCC": 0.001323430216871202, "CCCC[C@@H](C)CC": 0.0003305432037450373, "CCC[C@H](C)CC": 0.027574408799409866, "CCCCCCCCCC": 0.014083866961300373, "CCC(C)(C)CC": 0.049813807010650635, "CCCC(C)C": 0.0030964708421379328, "CC(C)C(C)C": 0.018992546945810318, "CCCCCC": 0.0038005360402166843, "C1CCCCC1": 0.0024379314854741096, "CCCCCCI": 0.008107002824544907, "CCCCCC=C": 0.025224635377526283, "CC(C)CCC(C)(C)C": 0.09150806069374084, "CC1CCCC1": 0.030075596645474434, "CCCCCCCI": 0.01734822802245617, "CCCC=C": 0.0011165754403918982, "CCCCC": 0.015701506286859512, "CCCC": 0.03162027895450592, "CCC": 0.06950588524341583, "CCCCCCCCl": 0.03261818364262581, "CCCCCCC": 3.075253698625602e-05, "CC1CCCCC1": 0.00900200754404068, "CC(C)C": 0.01378291193395853, "C1CCCC1": 0.02596958540380001, "CC1CCC(CC1)C": 0.024884389713406563, "CCCC1CCCC1": 0.02984766848385334, "CC(C)C(C)C(C)C": 0.08442733436822891, "CCCCCCBr": 0.00404104171320796, "CCC(C)C": 0.00046561838826164603, "CC(C)CC(C)C": 0.011909154243767262, "CCCC(C)(C)C": 0.026657363399863243, "CCCCC(C)C": 0.0014863889664411545, "CCCCCCCC=C": 0.0319928415119648, "CCCCCCCCBr": 0.02340392954647541, "CC(C)(C)Cl": 0.009990828111767769, "CCC(C)CC": 0.0031046222429722548, "CC[C@@H](C)C(C)C": 0.0061216154135763645, "C1CCC=CC1": 0.003666544798761606, "CCCC/C=C/C": 0.0024635675363242626, "CCCCC#C": 0.017473751679062843, "CC(C)(C)Br": 0.008106101304292679, "CCCCC=C": 0.008613215759396553, "C=CCCC=C": 0.0017590613570064306, "CC=C(C)C": 0.00543604139238596, "CCC(C)(C)C": 0.025748558342456818, "CC(C)Cc1ccccc1": 0.005429960787296295, "CCCCCCC=C": 0.025651322677731514, "CCCCCC1CCCC1": 0.027310144156217575, "C[C@@H]1CCCC[C@@H]1C": 0.007784325163811445, "CC(C)C=C": 0.00010403318447060883, "CC1=CCCCC1": 0.1722031980752945, "CCCC(=C)C": 0.03769125044345856, "CCC=C": 0.0011983165750280023, "CCCCCCCCC": 0.00277371471747756, "CC(C)(C)C": 0.0009412295185029507}], "CCCC(C)C": [5, 0, 137.01, 142.0, {"CC(C)CC(C)(C)C": 0.03998294845223427, "CCC[C@H](C)CC": 0.027574408799409866, "CC(C)CCC(C)(C)C": 0.09150806069374084, "CC(C)CC(C)C": 0.011909154243767262, "CCCC(C)(C)C": 0.026657363399863243}], "CC(C)(C)C": [7, 0, 202.668, 210.0, {"CC(C)CC(C)(C)C": 0.03998294845223427, "CCC(C)(C)CC": 0.049813807010650635, "CC(C)CCC(C)(C)C": 0.09150806069374084, "CCCC(C)(C)C": 0.026657363399863243, "CC(C)(C)Cl": 0.009990828111767769, "CCC(C)(C)C": 0.025748558342456818, "CC(C)(C)C": 0.0009412295185029507}], "CCCCCCC": [11, 0, 302.44759999999997, 308.0, {"CCCCCCC#C": 0.0358797051012516, "CCCCCCCBr": 0.01330474391579628, "CCCCCCCC": 0.001323430216871202, "CCCCCCCCCC": 0.014083866961300373, "CCCCCCCI": 0.01734822802245617, "CCCCCCCCl": 0.03261818364262581, "CCCCCCC": 3.075253698625602e-05, "CCCCCCCC=C": 0.0319928415119648, "CCCCCCCCBr": 0.02340392954647541, "CCCCCCC=C": 0.025651322677731514, "CCCCCCCCC": 0.00277371471747756}], "CCCCCC": [18, 0, 384.96399999999994, 391.0, {"CCCCCCC#C": 0.0358797051012516, "CCCCCCCBr": 0.01330474391579628, "CCCCCC#C": 0.01831081137061119, "CCCCCCCC": 0.001323430216871202, "CCCCCCCCCC": 0.014083866961300373, "CCCCCC": 0.0038005360402166843, "CCCCCCI": 0.008107002824544907, "CCCCCC=C": 0.025224635377526283, "CCCCCCCI": 0.01734822802245617, "CCCCCCCCl": 0.03261818364262581, "CCCCCCC": 3.075253698625602e-05, "CCCCCCBr": 0.00404104171320796, "CCCCC(C)C": 0.0014863889664411545, "CCCCCCCC=C": 0.0319928415119648, "CCCCCCCCBr": 0.02340392954647541, "CCCCCCC=C": 0.025651322677731514, "CCCCCC1CCCC1": 0.027310144156217575, "CCCCCCCCC": 0.00277371471747756}], "CCCCC": [26, 0, 403.5722, 412.0, {"CCCCCCC#C": 0.0358797051012516, "CCCCCCCBr": 0.01330474391579628, "CCCCCC#C": 0.01831081137061119, "CCCCCCCC": 0.001323430216871202, "CCCCCCCCCC": 0.014083866961300373, "CCCC(C)C": 0.0030964708421379328, "CCCCCC": 0.0038005360402166843, "C1CCCCC1": 0.0024379314854741096, "CCCCCCI": 0.008107002824544907, "CCCCCC=C": 0.025224635377526283, "CCCCCCCI": 0.01734822802245617, "CCCCC": 0.015701506286859512, "CCCCCCCCl": 0.03261818364262581, "CCCCCCC": 3.075253698625602e-05, "CC1CCCCC1": 0.00900200754404068, "CCCCCCBr": 0.00404104171320796, "CCCC(C)(C)C": 0.026657363399863243, "CCCCC(C)C": 0.0014863889664411545, "CCCCCCCC=C": 0.0319928415119648, "CCCCCCCCBr": 0.02340392954647541, "CCCCC#C": 0.017473751679062843, "CCCCC=C": 0.008613215759396553, "CCCCCCC=C": 0.025651322677731514, "CCCCCC1CCCC1": 0.027310144156217575, "CC1=CCCCC1": 0.1722031980752945, "CCCCCCCCC": 0.00277371471747756}], "CCCC": [41, 0, 444.6754000000001, 455.0, {"CCCCCCC#C": 0.0358797051012516, "CCCCCCCBr": 0.01330474391579628, "CCCCCC#C": 0.01831081137061119, "CCCCCCCC": 0.001323430216871202, "CCCC[C@@H](C)CC": 0.0003305432037450373, "CCCCCCCCCC": 0.014083866961300373, "CCC(C)(C)CC": 0.049813807010650635, "CCCC(C)C": 0.0030964708421379328, "CCCCCC": 0.0038005360402166843, "C1CCCCC1": 0.0024379314854741096, "CCCCCCI": 0.008107002824544907, "CCCCCC=C": 0.025224635377526283, "CC(C)CCC(C)(C)C": 0.09150806069374084, "CC1CCCC1": 0.030075596645474434, "CCCCCCCI": 0.01734822802245617, "CCCC=C": 0.0011165754403918982, "CCCCC": 0.015701506286859512, "CCCC": 0.03162027895450592, "CCCCCCCCl": 0.03261818364262581, "CCCCCCC": 3.075253698625602e-05, "CC1CCCCC1": 0.00900200754404068, "C1CCCC1": 0.02596958540380001, "CCCC1CCCC1": 0.02984766848385334, "CCCCCCBr": 0.00404104171320796, "CCC(C)C": 0.00046561838826164603, "CCCC(C)(C)C": 0.026657363399863243, "CCCCC(C)C": 0.0014863889664411545, "CCCCCCCC=C": 0.0319928415119648, "CCCCCCCCBr": 0.02340392954647541, "CCC(C)CC": 0.0031046222429722548, "CCCC/C=C/C": 0.0024635675363242626, "CCCCC#C": 0.017473751679062843, "CCCCC=C": 0.008613215759396553, "C=CCCC=C": 0.0017590613570064306, "CCC(C)(C)C": 0.025748558342456818, "CCCCCCC=C": 0.025651322677731514, "CCCCCC1CCCC1": 0.027310144156217575, "C[C@@H]1CCCC[C@@H]1C": 0.007784325163811445, "CC1=CCCCC1": 0.1722031980752945, "CCCC(=C)C": 0.03769125044345856, "CCCCCCCCC": 0.00277371471747756}], "C=CCC": [2, 0, 23.9772, 24.0, {"C=CCC=C": 9.454267274122685e-05, "C=CCCC=C": 0.0017590613570064306}], "C=CC": [11, 0, 132.82390000000004, 134.0, {"C=CCC=C": 9.454267274122685e-05, "CC(=C)C": 0.0007788346847519279, "CC/C=C\\C": 0.003274794900789857, "C=CC=C": 0.0016208449378609657, "C1CC=CC1": 0.04095206782221794, "CC(=C)C=C": 2.5754190573934466e-05, "C1CCC=CC1": 0.003666544798761606, "CCCC/C=C/C": 0.0024635675363242626, "C=CCCC=C": 0.0017590613570064306, "CC(=C)C(=C)C": 0.00040252567850984633,