{"CE Loss T": 0.6593, "CE Loss V": 1.3564, "ROC-AUC": 0.5, "PRC-AUC": 0.7745, "Accuracy": 0.549, "_timestamp": 1672804231.9323447, "_runtime": 17.539653778076172, "_step": 0}